title,link
#新手發問 選不到課怎辦？怎麼跟室友相處🥲 發問大學的疑難雜症送五千元禮金💰,https://www.dcard.tw/f/nccu/p/256605090
AIT實習分享,https://www.dcard.tw/f/nccu/p/257156910
甜涼課總彙整,https://www.dcard.tw/f/nccu/p/257159920
棕18 明天開始路線調整！,https://www.dcard.tw/f/nccu/p/257154756
達賢好吵,https://www.dcard.tw/f/nccu/p/257161791
除濕機被退了,https://www.dcard.tw/f/nccu/p/257153367
莊九二樓廁所Trauma,https://www.dcard.tw/f/nccu/p/257157656
雨傘和筆電 都幾,https://www.dcard.tw/f/nccu/p/257151494
考爆了 跳一跳,https://www.dcard.tw/f/nccu/p/257151282
啊哈哈哈～～～～左膠下去！！！！！！！,https://www.dcard.tw/f/nccu/p/257161269
我也排到了～,https://www.dcard.tw/f/nccu/p/257164422
誰再說統計系是文組試試看,https://www.dcard.tw/f/nccu/p/257156316
政大大餒餒美女推薦,https://www.dcard.tw/f/nccu/p/257155414
作弊,https://www.dcard.tw/f/nccu/p/257163765
四維堂也太冷,https://www.dcard.tw/f/nccu/p/257162047
好煩喔這種季節就是會想抱抱,https://www.dcard.tw/f/nccu/p/257158456
美國大選,https://www.dcard.tw/f/nccu/p/257156023
新開的日式飯糰店！,https://www.dcard.tw/f/nccu/p/257160171
成管會週二下午班,https://www.dcard.tw/f/nccu/p/257152551
大學該不該跟朋友出國,https://www.dcard.tw/f/nccu/p/257152026
中正二樓靠窗穿灰色連帽外套的女生是三小,https://www.dcard.tw/f/nccu/p/257160557
